{
	"gui_light": "front",
	"texture_size": [32, 32],
	"textures": {
		"0": "irrationality:item/ceremony_stick",
		"particle": "irrationality:item/ceremony_stick"
	},
	"elements": [
		{
			"from": [7.5, 0, 7.5],
			"to": [8.5, 27, 8.5],
			"faces": {
				"north": {"uv": [0, 0, 0.5, 13.5], "texture": "#0"},
				"east": {"uv": [0.5, 0, 1, 13.5], "texture": "#0"},
				"south": {"uv": [1, 0, 1.5, 13.5], "texture": "#0"},
				"west": {"uv": [1.5, 0, 2, 13.5], "texture": "#0"},
				"up": {"uv": [4, 4.5, 3.5, 4], "texture": "#0"},
				"down": {"uv": [4.5, 4, 4, 4.5], "texture": "#0"}
			}
		},
		{
			"from": [7.5, 26, 8.5],
			"to": [8.5, 27, 10.5],
			"faces": {
				"north": {"uv": [4.5, 1, 5, 1.5], "texture": "#0"},
				"east": {"uv": [3.5, 1, 4.5, 1.5], "texture": "#0"},
				"south": {"uv": [4.5, 1.5, 5, 2], "texture": "#0"},
				"west": {"uv": [3.5, 1.5, 4.5, 2], "texture": "#0"},
				"up": {"uv": [4, 3, 3.5, 2], "texture": "#0"},
				"down": {"uv": [4, 3, 3.5, 4], "texture": "#0"}
			}
		},
		{
			"from": [7.5, 27, 9.5],
			"to": [8.5, 31, 10.5],
			"faces": {
				"north": {"uv": [2, 0, 2.5, 2], "texture": "#0"},
				"east": {"uv": [2, 2, 2.5, 4], "texture": "#0"},
				"south": {"uv": [2.5, 0, 3, 2], "texture": "#0"},
				"west": {"uv": [2.5, 2, 3, 4], "texture": "#0"},
				"up": {"uv": [5, 2.5, 4.5, 2], "texture": "#0"},
				"down": {"uv": [5, 2.5, 4.5, 3], "texture": "#0"}
			}
		},
		{
			"from": [7.5, 30, 5.5],
			"to": [8.5, 31, 9.5],
			"faces": {
				"north": {"uv": [4.5, 3, 5, 3.5], "texture": "#0"},
				"east": {"uv": [3, 0, 5, 0.5], "texture": "#0"},
				"south": {"uv": [3.5, 4.5, 4, 5], "texture": "#0"},
				"west": {"uv": [3, 0.5, 5, 1], "texture": "#0"},
				"up": {"uv": [3.5, 3, 3, 1], "texture": "#0"},
				"down": {"uv": [3.5, 3, 3, 5], "texture": "#0"}
			}
		},
		{
			"from": [7.5, 28, 5.5],
			"to": [8.5, 30, 6.5],
			"faces": {
				"north": {"uv": [2, 4, 2.5, 5], "texture": "#0"},
				"east": {"uv": [4, 2, 4.5, 3], "texture": "#0"},
				"south": {"uv": [2.5, 4, 3, 5], "texture": "#0"},
				"west": {"uv": [4, 3, 4.5, 4], "texture": "#0"},
				"up": {"uv": [5, 4, 4.5, 3.5], "texture": "#0"},
				"down": {"uv": [4.5, 4.5, 4, 5], "texture": "#0"}
			}
		},
		{
			"from": [7.5, 28, 6.5],
			"to": [8.5, 29, 7.5],
			"faces": {
				"north": {"uv": [4.5, 4, 5, 4.5], "texture": "#0"},
				"east": {"uv": [4.5, 4.5, 5, 5], "texture": "#0"},
				"south": {"uv": [5, 0, 5.5, 0.5], "texture": "#0"},
				"west": {"uv": [5, 0.5, 5.5, 1], "texture": "#0"},
				"up": {"uv": [5.5, 1.5, 5, 1], "texture": "#0"},
				"down": {"uv": [5.5, 1.5, 5, 2], "texture": "#0"}
			}
		}
	],
	"display": {
		"thirdperson_righthand": {
			"rotation": [0, 30, 0],
			"translation": [0, -9, 1]
		},
		"thirdperson_lefthand": {
			"rotation": [0, 30, 0],
			"translation": [0, -9, 1]
		},
		"firstperson_righthand": {
			"rotation": [-25, 0, 0],
			"translation": [6, -12, 5]
		},
		"firstperson_lefthand": {
			"rotation": [-25, 0, 0],
			"translation": [6, -12, 5]
		},
		"gui": {
			"rotation": [90, 180, 0],
			"translation": [0, 0, 0],
			"scale": [1, 1, 1]
		},
		"head": {
			"translation": [0, 14, 0]
		},
		"fixed": {
			"rotation": [0, 90, 0]
		}
	}
}